{"stats":{"minecraft:custom":{"minecraft:jump":381,"minecraft:open_chest":4,"minecraft:time_since_rest":27022,"minecraft:crouch_one_cm":144,"minecraft:leave_game":3,"minecraft:sprint_one_cm":34936,"minecraft:play_time":27022,"minecraft:time_since_death":27022,"minecraft:walk_on_water_one_cm":1105,"minecraft:walk_one_cm":38537,"minecraft:sneak_time":391,"minecraft:total_world_time":27022,"minecraft:walk_under_water_one_cm":1014,"minecraft:swim_one_cm":6735,"minecraft:talked_to_villager":1,"minecraft:fall_one_cm":4832,"minecraft:fly_one_cm":382056},"minecraft:used":{"minecraft:flint_and_steel":1,"minecraft:obsidian":17}},"DataVersion":3465}