{"stats":{"minecraft:custom":{"minecraft:jump":607,"minecraft:open_chest":4,"minecraft:time_since_rest":38450,"minecraft:damage_dealt":60,"minecraft:crouch_one_cm":144,"minecraft:leave_game":4,"minecraft:sprint_one_cm":52109,"minecraft:play_time":38450,"minecraft:time_since_death":38450,"minecraft:walk_on_water_one_cm":2751,"minecraft:walk_one_cm":49235,"minecraft:sneak_time":410,"minecraft:total_world_time":38450,"minecraft:walk_under_water_one_cm":1014,"minecraft:swim_one_cm":6735,"minecraft:talked_to_villager":1,"minecraft:fall_one_cm":4832,"minecraft:fly_one_cm":632976},"minecraft:used":{"minecraft:flint_and_steel":1,"minecraft:obsidian":17}},"DataVersion":3465}