{"stats":{"minecraft:used":{"minecraft:flint_and_steel":1,"minecraft:obsidian":17},"minecraft:custom":{"minecraft:jump":251,"minecraft:open_chest":4,"minecraft:time_since_rest":21347,"minecraft:crouch_one_cm":144,"minecraft:leave_game":3,"minecraft:sprint_one_cm":25343,"minecraft:play_time":21347,"minecraft:time_since_death":21347,"minecraft:walk_on_water_one_cm":1105,"minecraft:walk_one_cm":32410,"minecraft:sneak_time":386,"minecraft:total_world_time":21347,"minecraft:walk_under_water_one_cm":1014,"minecraft:swim_one_cm":6735,"minecraft:fall_one_cm":4832,"minecraft:fly_one_cm":352660}},"DataVersion":3465}