{"stats":{"minecraft:custom":{"minecraft:time_since_rest":53158,"minecraft:open_chest":5,"minecraft:crouch_one_cm":186,"minecraft:play_time":53158,"minecraft:sprint_one_cm":61759,"minecraft:walk_one_cm":58249,"minecraft:sneak_time":1206,"minecraft:walk_under_water_one_cm":87866,"minecraft:mob_kills":1,"minecraft:drop":2,"minecraft:jump":756,"minecraft:damage_dealt":230,"minecraft:leave_game":5,"minecraft:walk_on_water_one_cm":4480,"minecraft:time_since_death":53158,"minecraft:total_world_time":53158,"minecraft:swim_one_cm":8325,"minecraft:talked_to_villager":1,"minecraft:fall_one_cm":4832,"minecraft:fly_one_cm":956894},"minecraft:picked_up":{"minecraft:spider_spawn_egg":1,"minecraft:string":2},"minecraft:dropped":{"minecraft:string":2,"minecraft:spider_spawn_egg":1},"minecraft:used":{"minecraft:spider_spawn_egg":1,"minecraft:flint_and_steel":2,"minecraft:iron_sword":3,"minecraft:obsidian":35},"minecraft:killed":{"minecraft:spider":1}},"DataVersion":3465}